{"net": 0, "pitcher": 1, "orange": 2, "yes": 3, "white": 4, "skiing": 5, "red": 6, "frisbee": 7, "brushing teeth": 8, "no": 9, "black and white": 10, "skateboard": 11, "1": 12, "blue": 13, "green": 14, "motorcycle": 15, "gray": 16, "2": 17, "purse": 18, "skis": 19, "poles": 20, "surfboard": 21, "dog": 22, "on": 23, "office": 24, "large": 25, "very big": 26, "laptop": 27, "vent": 28, "computer": 29, "black": 30, "bear": 31, "3": 32, "wii": 33, "glasses": 34, "tree": 35, "eating": 36, "log": 37, "5": 38, "raft": 39, "left": 40, "living room": 41, "pink": 42, "right": 43, "railing": 44, "grass": 45, "wire": 46, "10 years": 47, "knife": 48, "cake": 49, "banana": 50, "chef": 51, "vanilla": 52, "4": 53, "outdoor": 54, "mustard": 55, "bun": 56, "clouds": 57, "dock": 58, "brown": 59, "silver": 60, "refrigerator": 61, "square": 62, "teddy": 63, "elm": 64, "stripes": 65, "baseball": 66, "catcher": 67, "beer": 68, "bottom": 69, "north": 70, "nike": 71, "yellow and white": 72, "morning": 73, "elephant": 74, "red and white": 75, "propeller": 76, "tan": 77, "wall": 78, "rolex": 79, "clock": 80, "table": 81, "0": 82, "wood": 83, "christmas": 84, "spinach": 85, "thick": 86, "bag": 87, "leaves": 88, "necklace": 89, "6": 90, "bathroom": 91, "shower": 92, "towel": 93, "solid": 94, "referee": 95, "wilson": 96, "8:00": 97, "e": 98, "24": 99, "hat": 100, "grazing": 101, "sheep": 102, "10": 103, "tag": 104, "spanish": 105, "hot dog": 106, "plate": 107, "lunch": 108, "butter": 109, "peppers": 110, "onions": 111, "very": 112, "mayonnaise": 113, "mayo": 114, "sweet potato": 115, "pig": 116, "sweet": 117, "flowers": 118, "floral": 119, "yellow": 120, "window": 121, "7": 122, "pizza": 123, "car": 124, "": 125, "cargo": 126, "stairs": 127, "abstract": 128, "rug": 129, "baseball cap": 130, "texting": 131, "pole": 132, "crosswalk": 133, "nothing": 134, "urban": 135, "bus": 136, "light": 137, "afternoon": 138, "boat": 139, "cheese": 140, "paper": 141, "real": 142, "sun": 143, "birthday": 144, "words": 145, "inside": 146, "shadows": 147, "tomato": 148, "evergreen": 149, "100 feet": 150, "shingles": 151, "trees": 152, "building": 153, "hay": 154, "ski pole": 155, "patterned": 156, "walking": 157, "ice": 158, "laundry": 159, "pepsi": 160, "good": 161, "1:50": 162, "purple": 163, "13": 164, "africa": 165, "teddy bears": 166, "socks": 167, "giraffe": 168, "soccer": 169, "blue and yellow": 170, "zebras": 171, "cupcake": 172, "broccoli": 173, "soldier": 174, "parking lot": 175, "cows": 176, "herding": 177, "on table": 178, "fish": 179, "nightstand": 180, "50": 181, "overcast": 182, "cross": 183, "toaster oven": 184, "tile": 185, "11:55": 186, "red and yellow": 187, "nowhere": 188, "hair dryer": 189, "truck": 190, "11": 191, "people": 192, "rectangle": 193, "hot dogs": 194, "party": 195, "12:55": 196, "apron": 197, "kitchen": 198, "cooking": 199, "ring": 200, "1 way": 201, "stop": 202, "neither": 203, "many": 204, "female": 205, "brushing": 206, "tie": 207, "tennis racket": 208, "knife and fork": 209, "restaurant": 210, "cat": 211, "bed": 212, "sand": 213, "ocean": 214, "cold": 215, "kites": 216, "cumulus": 217, "standing": 218, "male": 219, "star": 220, "tracks": 221, "chocolate": 222, "round": 223, "fork and knife": 224, "yankees": 225, "pictures": 226, "dots": 227, "bird": 228, "parrot": 229, "red white and blue": 230, "man": 231, "metal": 232, "fence": 233, "snowboarding": 234, "pine": 235, "snow": 236, "shorts": 237, "swim": 238, "wine": 239, "brick": 240, "no parking": 241, "children": 242, "beef": 243, "phone": 244, "english": 245, "cell phone": 246, "pink and yellow": 247, "clear": 248, "watermelon": 249, "bedroom": 250, "fork": 251, "cow": 252, "rackets": 253, "tennis rackets": 254, "8": 255, "collar": 256, "tennis": 257, "1950s": 258, "playing tennis": 259, "skirt": 260, "30": 261, "polka dot": 262, "beach": 263, "horse": 264, "grill": 265, "african american": 266, "down": 267, "street": 268, "in air": 269, "sweater": 270, "yellow and blue": 271, "park": 272, "backyard": 273, "spectators": 274, "parasailing": 275, "31": 276, "river": 277, "55": 278, "shadow": 279, "winter": 280, "chicken": 281, "tea": 282, "evening": 283, "dusk": 284, "ski resort": 285, "helmet": 286, "penne": 287, "bench": 288, "resting": 289, "elephants": 290, "southwest": 291, "usa": 292, "cars": 293, "town": 294, "bananas": 295, "umbrella": 296, "container": 297, "woman": 298, "on counter": 299, "salad": 300, "striped": 301, "motel": 302, "vertical": 303, "oranges": 304, "hot sauce": 305, "bottle": 306, "juice": 307, "eyes": 308, "ground": 309, "backpack": 310, "black and yellow": 311, "forward": 312, "jackets": 313, "1 on right": 314, "green and yellow": 315, "playing baseball": 316, "riding": 317, "sitting": 318, "carrot": 319, "basket": 320, "seagull": 321, "ski poles": 322, "p": 323, "parking": 324, "street light": 325, "mets": 326, "strap": 327, "bike": 328, "riding bike": 329, "poodle": 330, "shoes": 331, "carpet": 332, "lettuce": 333, "food": 334, "1 foot": 335, "roses": 336, "mountains": 337, "scissors": 338, "camera": 339, "beige": 340, "beard": 341, "cutting": 342, "baby": 343, "tape": 344, "watch": 345, "never": 346, "taking picture": 347, "eggs": 348, "syrup": 349, "sandwich": 350, "water skiing": 351, "microphone": 352, "back": 353, "bears": 354, "donuts": 355, "w": 356, "sky": 357, "double decker": 358, "england": 359, "surfing": 360, "running": 361, "shirt": 362, "barn": 363, "weather vane": 364, "white and blue": 365, "fishing": 366, "bridge": 367, "los angeles": 368, "open": 369, "red sox": 370, "bat": 371, "plane": 372, "white and green": 373, "transportation": 374, "sunny": 375, "bus stop": 376, "city": 377, "brown and white": 378, "bicycle": 379, "crow": 380, "magazines": 381, "daisy": 382, "14": 383, "old": 384, "curtains": 385, "jumped": 386, "snowboard": 387, "dinosaur": 388, "racing": 389, "asphalt": 390, "court": 391, "plastic": 392, "circle": 393, "red and blue": 394, "zebra": 395, "12": 396, "biplane": 397, "shallow": 398, "brazil": 399, "logo": 400, "2:20": 401, "electric": 402, "night time": 403, "motion": 404, "toothbrushes": 405, "orange and white": 406, "66": 407, "spoon": 408, "toyota": 409, "tennis shoes": 410, "46": 411, "second": 412, "no 1": 413, "iphone": 414, "friend": 415, "apple": 416, "carnation": 417, "15": 418, "tiger": 419, "glove": 420, "airplane": 421, "bow": 422, "air france": 423, "passengers": 424, "tv": 425, "on building": 426, "3:55": 427, "victorian": 428, "steeple": 429, "happy": 430, "skateboarding": 431, "fruit": 432, "cutting board": 433, "cantaloupe": 434, "kiwi": 435, "sliced": 436, "heart": 437, "water": 438, "rainy": 439, "carrots": 440, "giraffes": 441, "eat": 442, "ramp": 443, "lab": 444, "field": 445, "horizontal": 446, "birds": 447, "home": 448, "shrimp": 449, "12 feet": 450, "girl": 451, "modern": 452, "turtle": 453, "dell": 454, "boots": 455, "sunglasses": 456, "black and orange": 457, "yellow and black": 458, "gloves": 459, "hp": 460, "desk": 461, "both": 462, "sign": 463, "on street": 464, "2000": 465, "cirrus": 466, "to dry": 467, "ceiling": 468, "fluorescent": 469, "up": 470, "9": 471, "boys": 472, "playing soccer": 473, "american": 474, "passenger": 475, "turn": 476, "palm": 477, "no train": 478, "wedding": 479, "branch": 480, "parrots": 481, "air force": 482, "on tracks": 483, "small": 484, "tank": 485, "dirty": 486, "france": 487, "honda": 488, "2.00": 489, "whale": 490, "vase": 491, "flying": 492, "professional": 493, "driving": 494, "tissue": 495, "protest": 496, "corona": 497, "for balance": 498, "twin": 499, "clothes": 500, "t shirt": 501, "window sill": 502, "wild": 503, "noon": 504, "caution": 505, "spring": 506, "raining": 507, "cane": 508, "school": 509, "windsurfing": 510, "parachute": 511, "black and red": 512, "25": 513, "background": 514, "toaster": 515, "planes": 516, "yellow and red": 517, "spatula": 518, "10:10": 519, "ivory": 520, "train": 521, "welcome": 522, "highway": 523, "off": 524, "on track": 525, "electricity": 526, "italy": 527, "dinner": 528, "sink": 529, "squares": 530, "5 ft": 531, "parked": 532, "store": 533, "dress": 534, "signs": 535, "meow": 536, "football": 537, "rugby": 538, "stainless steel": 539, "la": 540, "dirt": 541, "blue and white": 542, "klm": 543, "house": 544, "unknown": 545, "ford": 546, "reading": 547, "chair": 548, "mountain": 549, "alive": 550, "water skis": 551, "picture": 552, "parade": 553, "slippers": 554, "trailer": 555, "boating": 556, "holding it": 557, "shade": 558, "cloth": 559, "6:20": 560, "candle": 561, "hose": 562, "hand": 563, "3:25": 564, "on sidewalk": 565, "poster": 566, "downhill": 567, "68": 568, "reflection": 569, "summer": 570, "pickles": 571, "halloween": 572, "bats": 573, "london": 574, "zoo": 575, "surfer": 576, "racket": 577, "flickr": 578, "cutting hair": 579, "strawberries": 580, "mushroom": 581, "teddy bear": 582, "big": 583, "suitcase": 584, "veggie": 585, "pepper": 586, "houses": 587, "70": 588, "toshiba": 589, "triangle": 590, "boxes": 591, "photograph": 592, "smoke": 593, "engine": 594, "camel": 595, "sidewalk": 596, "left 1": 597, "red and green": 598, "4:35": 599, "on couch": 600, "candy": 601, "minnie mouse": 602, "homemade": 603, "mouse": 604, "box": 605, "movie": 606, "45": 607, "strawberry": 608, "fridge": 609, "full": 610, "vegetables": 611, "bright": 612, "play": 613, "remote": 614, "pond": 615, "savannah": 616, "celery": 617, "concrete": 618, "semi": 619, "dump": 620, "scania": 621, "safety": 622, "posing": 623, "fabric": 624, "laying": 625, "couch": 626, "blueberries": 627, "handle": 628, "pipe": 629, "stick": 630, "parmesan": 631, "steak": 632, "chain link": 633, "catch": 634, "barbed wire": 635, "mozzarella": 636, "soda": 637, "fire hydrant": 638, "cat food": 639, "pepperoni": 640, "lot": 641, "licking": 642, "red and black": 643, "clay": 644, "tennis court": 645, "jumping": 646, "potatoes": 647, "toothbrush": 648, "kite": 649, "not at all": 650, "flying kite": 651, "broken": 652, "black and silver": 653, "lap": 654, "outside": 655, "44": 656, "delta": 657, "greyhound": 658, "ring finger": 659, "talking on phone": 660, "bad": 661, "kettle": 662, "35": 663, "motorcycles": 664, "produce": 665, "comfort": 666, "steering wheel": 667, "18": 668, "humans": 669, "coffee": 670, "white and brown": 671, "fall": 672, "bread": 673, "cherry": 674, "4:30": 675, "flag": 676, "night": 677, "lamp": 678, "cucumber": 679, "can't see": 680, "porcelain": 681, "oval": 682, "museum": 683, "rain": 684, "sprinkles": 685, "20": 686, "kids": 687, "bracelet": 688, "sneakers": 689, "mask": 690, "mickey mouse": 691, "twins": 692, "very high": 693, "costume": 694, "cabbage": 695, "paint": 696, "lighting": 697, "young": 698, "air conditioner": 699, "wooden": 700, "board": 701, "someone": 702, "beets": 703, "16": 704, "day time": 705, "4 inches": 706, "lights": 707, "ladder": 708, "glass": 709, "ferris wheel": 710, "fries": 711, "steamed": 712, "shepherd": 713, "cotton": 714, "suit": 715, "goatee": 716, "on his head": 717, "print": 718, "happy birthday": 719, "forks": 720, "travel": 721, "maple": 722, "200": 723, "oil": 724, "jeans": 725, "can": 726, "chopsticks": 727, "on wall": 728, "construction": 729, "mack": 730, "36": 731, "chinese": 732, "moped": 733, "festival": 734, "gas": 735, "throwing": 736, "circus": 737, "wires": 738, "not possible": 739, "plates": 740, "sugar": 741, "in": 742, "women's": 743, "door": 744, "no man": 745, "volleyball": 746, "serving": 747, "ponytail": 748, "business": 749, "decoration": 750, "santa": 751, "flat": 752, "barrel": 753, "12:15": 754, "candles": 755, "atv": 756, "free": 757, "hair": 758, "waffle": 759, "ball": 760, "stop sign": 761, "wetsuit": 762, "very deep": 763, "swimsuit": 764, "green and black": 765, "foreground": 766, "stands": 767, "china airlines": 768, "flower": 769, "300": 770, "lobster": 771, "on bench": 772, "plaster": 773, "phones": 774, "sailboat": 775, "apples": 776, "road": 777, "recently": 778, "cones": 779, "cactus": 780, "rice": 781, "vegetarian": 782, "donut": 783, "ketchup": 784, "police": 785, "mirror": 786, "rock": 787, "meat": 788, "blinds": 789, "cell phones": 790, "china": 791, "rust": 792, "7:25": 793, "stone": 794, "vans": 795, "middle": 796, "eagle": 797, "9:30": 798, "ping pong": 799, "microwave": 800, "gmc": 801, "umbrellas": 802, "wrist": 803, "cuddling": 804, "laughing": 805, "boy": 806, "next to toilet": 807, "tabby": 808, "petting": 809, "south": 810, "40": 811, "name tag": 812, "checkered": 813, "name": 814, "slow": 815, "cardboard": 816, "windows": 817, "croissant": 818, "plain": 819, "cookie": 820, "on ground": 821, "low": 822, "water bottle": 823, "goggles": 824, "turkey": 825, "pull": 826, "shut": 827, "kite flying": 828, "bowl": 829, "smile": 830, "in bowl": 831, "bush": 832, "cloudy": 833, "top left": 834, "skateboarder": 835, "coca cola": 836, "pan": 837, "drinking": 838, "short": 839, "floor": 840, "thanksgiving": 841, "radio": 842, "drink": 843, "on toilet": 844, "bike rack": 845, "bleachers": 846, "train tracks": 847, "horses": 848, "far": 849, "top": 850, "toilet": 851, "in water": 852, "private": 853, "nature": 854, "checkers": 855, "commercial": 856, "stroller": 857, "power": 858, "stuffed animals": 859, "uniforms": 860, "japan": 861, "liquor": 862, "faucet": 863, "green and orange": 864, "corn": 865, "sub": 866, "white and yellow": 867, "mercedes": 868, "in sky": 869, "tarp": 870, "indian": 871, "counter": 872, "multicolored": 873, "polar": 874, "go": 875, "now": 876, "no number": 877, "swimming": 878, "bridle": 879, "cowboy": 880, "union station": 881, "salt and pepper": 882, "olives": 883, "pizza cutter": 884, "british airways": 885, "nighttime": 886, "domestic": 887, "trolley": 888, "australia": 889, "tiles": 890, "pug": 891, "wicker": 892, "british": 893, "us airways express": 894, "burton": 895, "christmas tree": 896, "napkin": 897, "writing": 898, "rocks": 899, "hello kitty": 900, "lacoste": 901, "gold": 902, "fan": 903, "skateboards": 904, "day": 905, "on floor": 906, "2008": 907, "dark": 908, "flying kites": 909, "rural": 910, "olympics": 911, "bmw": 912, "34": 913, "factory": 914, "denim": 915, "typing": 916, "for fun": 917, "steel": 918, "watching tv": 919, "chevron": 920, "driver": 921, "baggage claim": 922, "grapes": 923, "f": 924, "angels": 925, "roof": 926, "handlebars": 927, "train station": 928, "public": 929, "oak": 930, "sleeping": 931, "canada": 932, "on runway": 933, "air canada": 934, "on top": 935, "tired": 936, "blonde": 937, "cups": 938, "little": 939, "adidas": 940, "10 feet": 941, "white and gray": 942, "leaf": 943, "fisheye": 944, "forest": 945, "war": 946, "octagon": 947, "raspberry": 948, "helmets": 949, "united states": 950, "29": 951, "noodles": 952, "van": 953, "long": 954, "traveling": 955, "luggage": 956, "airport": 957, "single": 958, "pitching": 959, "dugout": 960, "garbage": 961, "in street": 962, "happiness": 963, "cigarette": 964, "on tower": 965, "antelope": 966, "graffiti": 967, "skating": 968, "on road": 969, "curved": 970, "red light": 971, "washington": 972, "ski lift": 973, "athletics": 974, "brace": 975, "squatting": 976, "catching": 977, "batter": 978, "batting": 979, "game": 980, "towards": 981, "33": 982, "sliding": 983, "makeup": 984, "japanese": 985, "person": 986, "pirates": 987, "plaid": 988, "rose": 989, "daytime": 990, "keyboard": 991, "surfboards": 992, "hummingbird": 993, "ollie": 994, "11:30": 995, "clock tower": 996, "5:55": 997, "san francisco": 998, "stopping": 999, "tags": 1000, "samsung": 1001, "computers": 1002, "cabinets": 1003, "talking": 1004, "cage": 1005, "asparagus": 1006, "5 years": 1007, "hanger": 1008, "adult": 1009, "rabbit": 1010, "empty": 1011, "softball": 1012, "1st": 1013, "playing": 1014, "chairs": 1015, "farm": 1016, "cross country": 1017, "dump truck": 1018, "women": 1019, "snowboarder": 1020, "tall": 1021, "monkey": 1022, "mantle": 1023, "fire": 1024, "books": 1025, "quilt": 1026, "cessna": 1027, "chandelier": 1028, "dunkin donuts": 1029, "beans": 1030, "relish": 1031, "no flag": 1032, "parking meter": 1033, "spots": 1034, "ducks": 1035, "sandals": 1036, "doughnut": 1037, "lighthouse": 1038, "yacht": 1039, "german shepherd": 1040, "in middle": 1041, "raw": 1042, "chain": 1043, "2 feet": 1044, "pedestal": 1045, "sauerkraut": 1046, "bagels": 1047, "mutt": 1048, "dog and cat": 1049, "race": 1050, "poor": 1051, "cat and dog": 1052, "station": 1053, "printer": 1054, "daisies": 1055, "front": 1056, "gravel": 1057, "rear": 1058, "grassy": 1059, "pigeons": 1060, "dogs": 1061, "in car": 1062, "life": 1063, "wii remotes": 1064, "suv": 1065, "leather": 1066, "bottom right": 1067, "peace": 1068, "facebook": 1069, "blanket": 1070, "fountain": 1071, "frisbees": 1072, "12:30": 1073, "am": 1074, "scooter": 1075, "going": 1076, "analog": 1077, "america": 1078, "pitbull": 1079, "relaxing": 1080, "paddle boarding": 1081, "white and pink": 1082, "shampoo": 1083, "alps": 1084, "ride": 1085, "side": 1086, "mane": 1087, "on desk": 1088, "on chair": 1089, "2012": 1090, "multi": 1091, "straight": 1092, "big ben": 1093, "closed": 1094, "frosted": 1095, "3 feet": 1096, "waves": 1097, "buoy": 1098, "life vest": 1099, "trash can": 1100, "medium": 1101, "boxer": 1102, "very tall": 1103, "yamaha": 1104, "sunlight": 1105, "hit ball": 1106, "dry": 1107, "coke": 1108, "gym": 1109, "orange and black": 1110, "center": 1111, "rope": 1112, "flip flops": 1113, "4th of july": 1114, "siamese": 1115, "crafts": 1116, "color": 1117, "italian": 1118, "playing frisbee": 1119, "skate park": 1120, "orange juice": 1121, "windowsill": 1122, "corgi": 1123, "thumb": 1124, "peanut butter": 1125, "pie": 1126, "toast": 1127, "no hat": 1128, "benches": 1129, "diamond": 1130, "blender": 1131, "avocado": 1132, "television": 1133, "speakers": 1134, "pony": 1135, "baseball field": 1136, "pavement": 1137, "sydney": 1138, "not there": 1139, "diamonds": 1140, "4 feet": 1141, "goalie": 1142, "soccer ball": 1143, "runway": 1144, "video game": 1145, "gaming": 1146, "casual": 1147, "green and white": 1148, "toilet brush": 1149, "working": 1150, "pickup": 1151, "girls": 1152, "remotes": 1153, "pasta": 1154, "hood": 1155, "braves": 1156, "skier": 1157, "motorola": 1158, "17": 1159, "b": 1160, "100": 1161, "diet coke": 1162, "hospital": 1163, "wagon": 1164, "milk": 1165, "ferry": 1166, "rainbow": 1167, "on bed": 1168, "toward": 1169, "1:30": 1170, "19": 1171, "security": 1172, "herself": 1173, "mercedes benz": 1174, "supreme": 1175, "thin": 1176, "platform": 1177, "gray and red": 1178, "thai": 1179, "storage": 1180, "thailand": 1181, "swan": 1182, "peach": 1183, "10:05": 1184, "dome": 1185, "chiquita": 1186, "2:00": 1187, "mountain dew": 1188, "23": 1189, "knives": 1190, "street sign": 1191, "on beach": 1192, "playing wii": 1193, "using laptop": 1194, "stickers": 1195, "yogurt": 1196, "on grass": 1197, "9:50": 1198, "9:45": 1199, "sweat": 1200, "gatorade": 1201, "umpire": 1202, "37": 1203, "transport": 1204, "desktop": 1205, "desserts": 1206, "main": 1207, "boston": 1208, "fell": 1209, "top right": 1210, "case": 1211, "asleep": 1212, "over": 1213, "9:55": 1214, "grapefruit": 1215, "breakfast": 1216, "headphones": 1217, "freight": 1218, "cup": 1219, "sweatband": 1220, "nobody": 1221, "lamps": 1222, "9:25": 1223, "scarf": 1224, "on fridge": 1225, "main st": 1226, "moving": 1227, "confused": 1228, "fresh": 1229, "kiting": 1230, "blue jay": 1231, "flats": 1232, "long time": 1233, "chihuahua": 1234, "ceramic": 1235, "mushrooms": 1236, "on plate": 1237, "human": 1238, "power lines": 1239, "hotel": 1240, "map": 1241, "earring": 1242, "boarding": 1243, "display": 1244, "warm": 1245, "napkins": 1246, "brown and black": 1247, "broom": 1248, "basketball": 1249, "papers": 1250, "holding baby": 1251, "sad": 1252, "kickstand": 1253, "60": 1254, "shoulder": 1255, "sleep": 1256, "footprints": 1257, "tunnel": 1258, "1990": 1259, "hats": 1260, "6 inches": 1261, "ham": 1262, "bacon": 1263, "church": 1264, "53": 1265, "pineapple": 1266, "at camera": 1267, "red bull": 1268, "pilot": 1269, "tattoo": 1270, "work": 1271, "polar bear": 1272, "taking off": 1273, "website": 1274, "22": 1275, "4:00": 1276, "coffee maker": 1277, "fast": 1278, "fur": 1279, "rubber": 1280, "tongs": 1281, "german": 1282, "germany": 1283, "3 inches": 1284, "toy": 1285, "3:20": 1286, "calm": 1287, "pots": 1288, "balloons": 1289, "fruits": 1290, "9:20": 1291, "drawer": 1292, "oven": 1293, "soup": 1294, "stove": 1295, "heels": 1296, "wind": 1297, "island": 1298, "blood": 1299, "leg": 1300, "theater": 1301, "tennis racquet": 1302, "21": 1303, "gothic": 1304, "2:35": 1305, "wii remote": 1306, "turning": 1307, "20 feet": 1308, "pink and black": 1309, "ears": 1310, "fun": 1311, "wreath": 1312, "to right": 1313, "child": 1314, "fly": 1315, "head": 1316, "drywall": 1317, "shorter": 1318, "pier": 1319, "feeding giraffe": 1320, "in vase": 1321, "burger": 1322, "easter": 1323, "onion": 1324, "uniform": 1325, "remote control": 1326, "guitar": 1327, "time": 1328, "verizon": 1329, "tomatoes": 1330, "ship": 1331, "tulips": 1332, "glaze": 1333, "on suitcase": 1334, "tent": 1335, "1:45": 1336, "market": 1337, "bnsf": 1338, "bandana": 1339, "still": 1340, "don't know": 1341, "piano": 1342, "mouth": 1343, "run": 1344, "sparrow": 1345, "throw": 1346, "lines": 1347, "vest": 1348, "1950": 1349, "jet": 1350, "sepia": 1351, "2015": 1352, "busy": 1353, "lighter": 1354, "dessert": 1355, "bending": 1356, "75": 1357, "finch": 1358, "pastries": 1359, "outdoors": 1360, "bakery": 1361, "clean": 1362, "ipod": 1363, "tablecloth": 1364, "cigarettes": 1365, "looking at phone": 1366, "in front": 1367, "food truck": 1368, "face": 1369, "swinging": 1370, "safari": 1371, "500": 1372, "volkswagen": 1373, "2010": 1374, "shape": 1375, "shelves": 1376, "riding horses": 1377, "2016": 1378, "behind bus": 1379, "towels": 1380, "lemon": 1381, "straw": 1382, "bamboo": 1383, "5 feet": 1384, "hardwood": 1385, "oregon": 1386, "schnauzer": 1387, "organic": 1388, "h": 1389, "kid": 1390, "meter": 1391, "61": 1392, "charging": 1393, "bald": 1394, "caucasian": 1395, "man on left": 1396, "stand": 1397, "27": 1398, "dining room": 1399, "sandwiches": 1400, "32": 1401, "apartment": 1402, "tower": 1403, "virgin": 1404, "out": 1405, "white and red": 1406, "2:05": 1407, "i don't know": 1408, "chains": 1409, "legs": 1410, "age": 1411, "goats": 1412, "s": 1413, "congratulations": 1414, "dresser": 1415, "camper": 1416, "half": 1417, "silverware": 1418, "decorative": 1419, "hawaiian": 1420, "petting horse": 1421, "wheel": 1422, "florida": 1423, "reds": 1424, "washington dc": 1425, "moon": 1426, "conference": 1427, "screen": 1428, "controller": 1429, "robin": 1430, "men": 1431, "protection": 1432, "roll": 1433, "harley davidson": 1434, "coal": 1435, "mustache": 1436, "smiling": 1437, "pedestrians": 1438, "88": 1439, "me": 1440, "tray": 1441, "males": 1442, "monitor": 1443, "bell": 1444, "landscape": 1445, "club": 1446, "toothpick": 1447, "seagulls": 1448, "bowtie": 1449, "lake": 1450, "steam": 1451, "surf": 1452, "baseball glove": 1453, "blinders": 1454, "woods": 1455, "stuffed": 1456, "sunbathing": 1457, "shearing": 1458, "dad": 1459, "mixer": 1460, "pot": 1461, "blending": 1462, "identification": 1463, "owl": 1464, "wine glass": 1465, "on bike": 1466, "billabong": 1467, "new york": 1468, "yarn": 1469, "tube": 1470, "tennis ball": 1471, "2:55": 1472, "ice cream": 1473, "chevrolet": 1474, "shirt and tie": 1475, "taking selfie": 1476, "blue and green": 1477, "he isn't": 1478, "cutting cake": 1479, "east": 1480, "setting": 1481, "brewers": 1482, "riding bikes": 1483, "7 eleven": 1484, "stars": 1485, "jockey": 1486, "jacket": 1487, "standing still": 1488, "book": 1489, "gray and white": 1490, "pen": 1491, "red white blue": 1492, "above": 1493, "alaska": 1494, "tongue": 1495, "feathers": 1496, "k": 1497, "camping": 1498, "pasture": 1499, "corner": 1500, "away": 1501, "ski": 1502, "texas": 1503, "fire truck": 1504, "sailboats": 1505, "jump": 1506, "walk": 1507, "spray paint": 1508, "loading": 1509, "united": 1510, "1000": 1511, "brushing his teeth": 1512, "roman numerals": 1513, "garlic": 1514, "surprise": 1515, "3rd": 1516, "first": 1517, "side of road": 1518, "dodgers": 1519, "airplanes": 1520, "unsure": 1521, "russian": 1522, "wet": 1523, "skyscraper": 1524, "5 star": 1525, "brushing her teeth": 1526, "blankets": 1527, "natural": 1528, "across street": 1529, "smartphone": 1530, "duck": 1531, "sausage": 1532, "paris": 1533, "newspaper": 1534, "pants": 1535, "spices": 1536, "pillow": 1537, "to left": 1538, "snowboards": 1539, "colgate": 1540, "on elephant": 1541, "string": 1542, "horns": 1543, "2:40": 1544, "men's": 1545, "cobblestone": 1546, "regular": 1547, "staring": 1548, "28": 1549, "barber shop": 1550, "linoleum": 1551, "grind": 1552, "cut": 1553, "x": 1554, "above sink": 1555, "above stove": 1556, "dishes": 1557, "dalmatian": 1558, "watching": 1559, "glazed": 1560, "5:25": 1561, "j": 1562, "messy": 1563, "wallet": 1564, "tuna": 1565, "toasted": 1566, "grilled": 1567, "french": 1568, "green and blue": 1569, "sunflowers": 1570, "to catch frisbee": 1571, "wool": 1572, "sprint": 1573, "no grass": 1574, "cabinet": 1575, "shell": 1576, "foil": 1577, "bottles": 1578, "bar": 1579, "king": 1580, "paper towels": 1581, "friends": 1582, "beagle": 1583, "school bus": 1584, "laptops": 1585, "snowing": 1586, "cement": 1587, "pc": 1588, "accident": 1589, "stuffed animal": 1590, "wakeboard": 1591, "balance": 1592, "in suitcase": 1593, "white and black": 1594, "nikon": 1595, "cleats": 1596, "on sink": 1597, "pool": 1598, "mom": 1599, "downtown": 1600, "asian": 1601, "heater": 1602, "bathing": 1603, "193": 1604, "against wall": 1605, "canopy": 1606, "jungle": 1607, "berries": 1608, "military": 1609, "pickle": 1610, "clams": 1611, "seafood": 1612, "in box": 1613, "boats": 1614, "tables": 1615, "lizard": 1616, "lemonade": 1617, "m": 1618, "soft": 1619, "illinois": 1620, "country": 1621, "for sale": 1622, "arm": 1623, "listening": 1624, "curly": 1625, "play tennis": 1626, "hands": 1627, "cereal": 1628, "blue and red": 1629, "robe": 1630, "around neck": 1631, "red and silver": 1632, "soap": 1633, "trains": 1634, "throwing frisbee": 1635, "smoking": 1636, "india": 1637, "headband": 1638, "not very": 1639, "westin": 1640, "serve": 1641, "bicycles": 1642, "can't tell": 1643, "to catch ball": 1644, "visibility": 1645, "ana": 1646, "reins": 1647, "rodeo": 1648, "boot": 1649, "on horse": 1650, "12:35": 1651, "riding motorcycle": 1652, "mexico": 1653, "mother": 1654, "african": 1655, "left and right": 1656, "button": 1657, "earrings": 1658, "blackberry": 1659, "cell": 1660, "10:00": 1661, "harness": 1662, "pillows": 1663, "vegetable": 1664, "tablet": 1665, "fern": 1666, "cats": 1667, "golden retriever": 1668, "goat": 1669, "tractor": 1670, "valentine's day": 1671, "hearts": 1672, "khaki": 1673, "man on right": 1674, "mcdonald's": 1675, "player": 1676, "arriving": 1677, "husky": 1678, "on skateboard": 1679, "vases": 1680, "coat": 1681, "beanie": 1682, "coming": 1683, "granite": 1684, "shopping cart": 1685, "it's raining": 1686, "sports": 1687, "leash": 1688, "balls": 1689, "blurry": 1690, "baseball bat": 1691, "team": 1692, "mango": 1693, "mug": 1694, "eiffel tower": 1695, "worms": 1696, "trash": 1697, "robot": 1698, "show": 1699, "terrier": 1700, "painting": 1701, "rooster": 1702, "42": 1703, "jones": 1704, "state farm": 1705, "balloon": 1706, "trunk": 1707, "coach": 1708, "t": 1709, "playing game": 1710, "fireplace": 1711, "behind clouds": 1712, "uphill": 1713, "motocross": 1714, "sony": 1715, "magazine": 1716, "kitesurfing": 1717, "catching frisbee": 1718, "catch frisbee": 1719, "bud light": 1720, "drive": 1721, "fighting": 1722, "1 on left": 1723, "very old": 1724, "hallway": 1725, "lexus": 1726, "wii controller": 1727, "9:15": 1728, "fast food": 1729, "5:45": 1730, "catholic": 1731, "muffin": 1732, "traffic light": 1733, "band": 1734, "button up": 1735, "grocery": 1736, "shelf": 1737, "2:25": 1738, "honey": 1739, "plants": 1740, "oars": 1741, "foggy": 1742, "nathan's": 1743, "cord": 1744, "yard": 1745, "48": 1746, "donut shop": 1747, "chimney": 1748, "calico": 1749, "suits": 1750, "sideways": 1751, "animals": 1752, "black and blue": 1753, "bikini": 1754, "photographer": 1755, "700": 1756, "queen": 1757, "1:00": 1758, "12:05": 1759, "horseback riding": 1760, "awake": 1761, "bunny": 1762, "12:00": 1763, "continental": 1764, "flamingo": 1765, "rye": 1766, "family": 1767, "lots": 1768, "owner": 1769, "stew": 1770, "palm tree": 1771, "cruise ship": 1772, "56": 1773, "design": 1774, "ny": 1775, "far right": 1776, "tire": 1777, "younger": 1778, "biking": 1779, "at&t": 1780, "giants": 1781, "marshmallows": 1782, "caramel": 1783, "polo": 1784, "emirates": 1785, "salon": 1786, "focus": 1787, "on motorcycle": 1788, "magnets": 1789, "mat": 1790, "ivy": 1791, "cakes": 1792, "chrome": 1793, "bob": 1794, "asia": 1795, "graduation": 1796, "cauliflower": 1797, "in snow": 1798, "c": 1799, "rough": 1800, "vacation": 1801, "air": 1802, "windy": 1803, "victoria": 1804, "4:45": 1805, "trick": 1806, "coconut": 1807, "labrador": 1808, "on left": 1809, "yellow and green": 1810, "butterfly": 1811, "fake": 1812, "on napkin": 1813, "bricks": 1814, "wine glasses": 1815, "detroit": 1816, "man's": 1817, "parsley": 1818, "art": 1819, "subway": 1820, "wave": 1821, "placemat": 1822, "hydrant": 1823, "sofa": 1824, "pigeon": 1825, "riding elephant": 1826, "all": 1827, "branches": 1828, "plant": 1829, "to eat": 1830, "zucchini": 1831, "feta": 1832, "neon": 1833, "mouse pad": 1834, "cloud": 1835, "toilet paper": 1836, "pumpkin": 1837, "rowing": 1838, "toronto": 1839, "handicap": 1840, "seeds": 1841, "fly kite": 1842, "chicago": 1843, "marble": 1844, "frame": 1845, "150": 1846, "rocky": 1847, "give way": 1848, "sauce": 1849, "it's not": 1850, "control": 1851, "high chair": 1852, "playstation": 1853, "xbox": 1854, "not likely": 1855, "roman": 1856, "land": 1857, "1:35": 1858, "lifeguard": 1859, "on pizza": 1860, "size": 1861, "bull": 1862, "dandelions": 1863, "equestrian": 1864, "goose": 1865, "8 feet": 1866, "recessed": 1867, "statue": 1868, "index": 1869, "phillies": 1870, "strike": 1871, "mirrors": 1872, "pointing": 1873, "farmer": 1874, "collie": 1875, "motorbike": 1876, "lanes": 1877, "bikes": 1878, "biker": 1879, "arrows": 1880, "gas station": 1881, "logs": 1882, "smaller": 1883, "desert": 1884, "yield": 1885, "flags": 1886, "stool": 1887, "kitten": 1888, "doll": 1889, "daffodils": 1890, "letters": 1891, "dishwasher": 1892, "first base": 1893, "nuts": 1894, "2013": 1895, "persian": 1896, "swim trunks": 1897, "deep": 1898, "o": 1899, "doubles": 1900, "toothpicks": 1901, "in field": 1902, "wristband": 1903, "wheels": 1904, "baking": 1905, "4:15": 1906, "11:00": 1907, "ear": 1908, "2007": 1909, "51": 1910, "chevy": 1911, "using computer": 1912, "frog": 1913, "storm": 1914, "boogie board": 1915, "hungry": 1916, "by window": 1917, "ambulance": 1918, "pigtails": 1919, "audi": 1920, "microsoft": 1921, "on man": 1922, "cannot tell": 1923, "stained glass": 1924, "hugging": 1925, "laying down": 1926, "3:00": 1927, "taxi": 1928, "pedestrian": 1929, "landing": 1930, "numbers": 1931, "38": 1932, "stones": 1933, "on tree": 1934, "clocks": 1935, "new": 1936, "picnic": 1937, "fog": 1938, "buffalo": 1939, "under armour": 1940, "cocker spaniel": 1941, "orioles": 1942, "no sign": 1943, "telling time": 1944, "bags": 1945, "golden gate": 1946, "cover": 1947, "castle": 1948, "canoe": 1949, "selfie": 1950, "cream": 1951, "floating": 1952, "indoor": 1953, "antique": 1954, "aluminum": 1955, "silver and black": 1956, "cast iron": 1957, "peas": 1958, "sun hat": 1959, "on right": 1960, "swiss": 1961, "flour": 1962, "under sink": 1963, "fashion": 1964, "fedora": 1965, "shells": 1966, "1 hour": 1967, "puppy": 1968, "in stands": 1969, "not here": 1970, "motor": 1971, "thousands": 1972, "120": 1973, "sail": 1974, "butt": 1975, "mexican": 1976, "dead end": 1977, "paddle": 1978, "bathing suit": 1979, "shop": 1980, "onion rings": 1981, "boxing": 1982, "birthday cake": 1983, "chalk": 1984, "scenery": 1985, "style": 1986, "nissan": 1987, "sticker": 1988, "on rack": 1989, "1 4": 1990, "woman's": 1991, "surprised": 1992, "north face": 1993, "squash": 1994, "not sure": 1995, "email": 1996, "spotted": 1997, "seat": 1998, "himself": 1999, "circles": 2000, "san diego": 2001, "kia": 2002, "mattress": 2003, "obama": 2004, "lamb": 2005, "american flag": 2006, "climbing": 2007, "skull and crossbones": 2008, "roast beef": 2009, "visor": 2010, "herd": 2011, "double": 2012, "52": 2013, "high": 2014, "stagecoach": 2015, "cart": 2016, "feeding": 2017, "eaten": 2018, "cone": 2019, "11:15": 2020, "smoothie": 2021, "golf": 2022, "colorado": 2023, "electronics": 2024, "5:15": 2025, "bowling": 2026, "players": 2027, "ketchup and mustard": 2028, "styrofoam": 2029, "6 feet": 2030, "hawk": 2031, "cheddar": 2032, "12:28": 2033, "arabic": 2034, "12:25": 2035, "12:10": 2036, "shower curtain": 2037, "army": 2038, "salmon": 2039, "10:40": 2040, "hanging": 2041, "whole": 2042, "behind fence": 2043, "bars": 2044, "moss": 2045, "no dog": 2046, "traffic": 2047, "10:25": 2048, "r": 2049, "countryside": 2050, "machine": 2051, "directions": 2052, "cooked": 2053, "aa": 2054, "6:45": 2055, "4 way": 2056, "stripe": 2057, "brand": 2058, "baseball player": 2059, "bunk": 2060, "coleslaw": 2061, "fishing boat": 2062, "at table": 2063, "europe": 2064, "dead": 2065, "arch": 2066, "scrambled": 2067, "clothing": 2068, "closet": 2069, "egg": 2070, "suitcases": 2071, "indoors": 2072, "coffee pot": 2073, "tires": 2074, "lilies": 2075, "cafe": 2076, "9:35": 2077, "teal": 2078, "toothpaste": 2079, "in background": 2080, "tarmac": 2081, "painted": 2082, "sunset": 2083, "orange and yellow": 2084, "oar": 2085, "peaches": 2086, "zebra and giraffe": 2087, "ladybug": 2088, "20 ft": 2089, "sesame seeds": 2090, "hills": 2091, "2:30": 2092, "stucco": 2093, "tail": 2094, "couple": 2095, "kawasaki": 2096, "smooth": 2097, "powdered sugar": 2098, "pedestrian crossing": 2099, "french fries": 2100, "picnic table": 2101, "teeth": 2102, "ribbon": 2103, "saddle": 2104, "15 feet": 2105, "earbuds": 2106, "on train": 2107, "39": 2108, "curb": 2109, "tow": 2110, "shark": 2111, "white and orange": 2112, "6:25": 2113, "gravy": 2114, "fork and spoon": 2115, "pooping": 2116, "curtain": 2117, "lime": 2118, "skull": 2119, "crossing": 2120, "speed limit": 2121, "peacock": 2122, "boredom": 2123, "neck": 2124, "hit": 2125, "dragon": 2126, "tissues": 2127, "basil": 2128, "waving": 2129, "blue team": 2130, "rectangles": 2131, "helicopter": 2132, "mud": 2133, "us": 2134, "balcony": 2135, "red and gray": 2136, "firefighter": 2137, "sunflower": 2138, "wallpaper": 2139, "best buy": 2140, "11:20": 2141, "public market center": 2142, "seattle": 2143, "bookshelf": 2144, "looking": 2145, "1 inch": 2146, "harley": 2147, "urinal": 2148, "cartoon": 2149, "t shirt and jeans": 2150, "navy": 2151, "fedex": 2152, "rays": 2153, "deck": 2154, "coaster": 2155, "1:20": 2156, "50 feet": 2157, "4:20": 2158, "us open": 2159, "looking at camera": 2160, "600": 2161, "national express": 2162, "white house": 2163, "5:00": 2164, "jp morgan": 2165, "palm trees": 2166, "tub": 2167, "pens": 2168, "soldiers": 2169, "2 people": 2170, "animal": 2171, "speaker": 2172, "hamburger": 2173, "spaghetti": 2174, "green beans": 2175, "it isn't": 2176, "10:20": 2177, "buildings": 2178, "on shelf": 2179, "baseball uniform": 2180, "tiled": 2181, "orange and blue": 2182, "90": 2183, "north america": 2184, "arrow": 2185, "news": 2186, "tropicana": 2187, "formal": 2188, "in grass": 2189, "thumbs up": 2190, "clip": 2191, "gate": 2192, "tennis player": 2193, "lilac": 2194, "pastry": 2195, "nose": 2196, "pacifier": 2197, "11:35": 2198, "different teams": 2199, "cardinals": 2200, "exhaust": 2201, "hauling": 2202, "on tray": 2203, "bagel": 2204, "huge": 2205, "out of focus": 2206, "cook": 2207, "wheat": 2208, "photo": 2209, "ghost": 2210, "sedan": 2211, "qatar": 2212, "zig zag": 2213, "lanyard": 2214, "pink and white": 2215, "sesame": 2216, "space": 2217, "no clock": 2218, "warning": 2219, "snowy": 2220, "tater tots": 2221, "tropical": 2222, "grandfather": 2223, "mac": 2224, "magnet": 2225, "photoshop": 2226, "pajamas": 2227, "350": 2228, "casserole": 2229, "4:55": 2230, "pelican": 2231, "2009": 2232, "clydesdale": 2233, "tow truck": 2234, "belt": 2235, "west": 2236, "omelet": 2237, "heavy": 2238, "crown": 2239, "in corner": 2240, "hexagon": 2241, "mound": 2242, "iris": 2243, "g": 2244, "12:45": 2245, "2:15": 2246, "3:10": 2247, "drawing": 2248, "only": 2249, "little girl": 2250, "washing": 2251, "nokia": 2252, "windsor": 2253, "2 men": 2254, "parmesan cheese": 2255, "on woman": 2256, "freezer": 2257, "icing": 2258, "venice": 2259, "dairy": 2260, "several": 2261, "concentration": 2262, "3:15": 2263, "no smoking": 2264, "kayak": 2265, "frosting": 2266, "jetblue": 2267, "thoroughbred": 2268, "parakeet": 2269, "shoe": 2270, "skeleton": 2271, "britain": 2272, "ties": 2273, "in sink": 2274, "patio": 2275, "bank": 2276, "camouflage": 2277, "privacy": 2278, "bib": 2279, "blue and gray": 2280, "looking out window": 2281, "falling": 2282, "bucket": 2283, "cupcakes": 2284, "throw ball": 2285, "garden": 2286, "almonds": 2287, "ducati": 2288, "ireland": 2289, "plastic wrap": 2290, "starbucks": 2291, "all way": 2292, "bark": 2293, "home plate": 2294, "base": 2295, "dog food": 2296, "toys": 2297, "blue and orange": 2298, "1 in front": 2299, "foot": 2300, "dc": 2301, "california": 2302, "towing": 2303, "cheesecake": 2304, "bushes": 2305, "bow tie": 2306, "millions": 2307, "down street": 2308, "2011": 2309, "police officer": 2310, "windmill": 2311, "taking pictures": 2312, "street name": 2313, "cleaning": 2314, "on pole": 2315, "russia": 2316, "main street": 2317, "catch ball": 2318, "mario": 2319, "pirate": 2320, "track": 2321, "garage": 2322, "7:10": 2323, "they aren't": 2324, "mother and child": 2325, "tents": 2326, "fancy": 2327, "tattoos": 2328, "alcohol": 2329, "2:45": 2330, "wheelchair": 2331, "money": 2332, "top hat": 2333, "willow": 2334, "cd": 2335, "brushing hair": 2336, "pancake": 2337, "80": 2338, "listening to music": 2339, "green and red": 2340, "barrier": 2341, "vests": 2342, "hiking": 2343, "tank top": 2344, "lufthansa": 2345, "student": 2346, "menu": 2347, "forehand": 2348, "wii controllers": 2349, "acer": 2350, "wall st": 2351, "hundreds": 2352, "water ski": 2353, "furniture": 2354, "paisley": 2355, "pizza hut": 2356, "baseball game": 2357, "hill": 2358, "prom": 2359, "1 world": 2360, "tiara": 2361, "students": 2362, "information": 2363, "hazy": 2364, "nasa": 2365, "canon": 2366, "bird feeder": 2367, "crane": 2368, "dr pepper": 2369, "logitech": 2370, "2:10": 2371, "all of them": 2372, "utensils": 2373, "telephone": 2374, "converse": 2375, "bone": 2376, "jeep": 2377, "nursing": 2378, "krispy kreme": 2379, "cameraman": 2380, "pee": 2381, "ranch": 2382, "polka dots": 2383, "railroad crossing": 2384, "shirts": 2385, "feeder": 2386, "above toilet": 2387, "unclear": 2388, "below": 2389, "43": 2390, "spoons": 2391, "calendar": 2392, "vaio": 2393, "fox": 2394, "mint": 2395, "after": 2396, "spiderman": 2397, "lg": 2398, "concert": 2399, "on rock": 2400, "fluffy": 2401, "gray and black": 2402, "coats": 2403, "lady": 2404, "dodge": 2405, "easyjet": 2406, "pearl": 2407, "bunt": 2408, "flat screen": 2409, "10:30": 2410, "music": 2411, "polar bears": 2412, "riding horse": 2413, "lift": 2414, "angry": 2415, "cookies": 2416, "3:45": 2417, "buttons": 2418, "hot": 2419, "cute": 2420, "behind": 2421, "dole": 2422, "in motion": 2423, "26": 2424, "pans": 2425, "love": 2426, "winnie pooh": 2427, "pear": 2428, "copyright": 2429, "2 hours": 2430, "snowsuit": 2431, "kissing": 2432, "backhand": 2433, "to get to other side": 2434, "metro": 2435, "swans": 2436, "very fast": 2437, "can't see it": 2438, "nintendo": 2439, "direction": 2440, "waiting": 2441, "mohawk": 2442, "st patrick's day": 2443, "rail": 2444, "hoodie": 2445, "feet": 2446, "swirls": 2447, "muffins": 2448, "4:05": 2449, "106": 2450, "10:55": 2451, "coins": 2452, "mitt": 2453, "game controller": 2454, "room": 2455, "adults": 2456, "urinals": 2457, "cameras": 2458, "marker": 2459, "upright": 2460, "brass": 2461, "sled": 2462, "teacher": 2463, "conductor": 2464, "farmers market": 2465, "toiletries": 2466, "blue and black": 2467, "soccer field": 2468, "banana peel": 2469, "sprite": 2470, "doughnuts": 2471, "bank of america": 2472, "on his face": 2473, "heat": 2474, "emergency": 2475, "ski slope": 2476, "hard": 2477, "41": 2478, "6:00": 2479, "in his hand": 2480, "cluttered": 2481, "dog show": 2482, "on boat": 2483, "grizzly": 2484, "drums": 2485, "not": 2486, "in hand": 2487, "easy": 2488, "400": 2489, "under table": 2490, "d": 2491, "hitting ball": 2492, "photography": 2493, "intersection": 2494, "backwards": 2495, "crocs": 2496, "marina": 2497, "chips": 2498, "bible": 2499, "harry potter": 2500, "hawaii": 2501, "fanta": 2502, "half full": 2503, "carriage": 2504, "curious": 2505, "12:50": 2506, "black white": 2507, "geese": 2508, "pork": 2509, "mailbox": 2510, "l": 2511, "sidecar": 2512, "poop": 2513, "wings": 2514, "penguin": 2515, "to see": 2516, "pocket": 2517, "steps": 2518, "cubs": 2519, "junk": 2520, "deer": 2521, "ottoman": 2522, "salt": 2523, "condiments": 2524, "1:55": 2525, "post": 2526, "bulldog": 2527, "notebook": 2528, "no cat": 2529, "champagne": 2530, "jets": 2531, "knee pads": 2532, "throw frisbee": 2533, "drinks": 2534, "leopard": 2535, "taller": 2536, "cooler": 2537, "bundt": 2538, "monday": 2539, "grape": 2540, "wine tasting": 2541, "under": 2542, "baskets": 2543, "santa hat": 2544, "chest": 2545, "sewing": 2546, "on car": 2547, "sony ericsson": 2548, "peeing": 2549, "for photo": 2550, "tour": 2551, "few": 2552, "singapore": 2553, "fireman": 2554, "fire extinguisher": 2555, "wildebeest": 2556, "lemons": 2557, "peanuts": 2558, "babies": 2559, "wiimote": 2560, "guitar hero": 2561, "slide": 2562, "stopped": 2563, "library": 2564, "multi colored": 2565, "blue and pink": 2566, "choppy": 2567, "sailing": 2568, "brush": 2569, "grinding": 2570, "jelly": 2571, "dairy queen": 2572, "shaking hands": 2573, "ge": 2574, "tigers": 2575, "tokyo": 2576, "philadelphia": 2577, "ski boots": 2578, "buses": 2579, "11:45": 2580, "collage": 2581, "pink and blue": 2582, "jesus": 2583, "singles": 2584, "iron": 2585, "coffee table": 2586, "2 years": 2587, "don't walk": 2588, "classroom": 2589, "on water": 2590, "potato salad": 2591, "posts": 2592, "harbor": 2593, "residential": 2594, "joshua": 2595, "uk": 2596, "burgers": 2597, "deli": 2598, "kicking": 2599, "lace": 2600, "overalls": 2601, "vehicles": 2602, "ram": 2603, "dancing": 2604, "47": 2605, "shed": 2606, "lid": 2607, "he's not": 2608, "fans": 2609, "amtrak": 2610, "space shuttle": 2611, "ostrich": 2612, "bathtub": 2613, "kneeling": 2614, "2:50": 2615, "mall": 2616, "yellow and orange": 2617, "gazebo": 2618, "wax": 2619, "slow down": 2620, "lays": 2621, "hammer time": 2622, "octopus": 2623, "crib": 2624, "banana split": 2625, "broadway": 2626, "pottery": 2627, "wavy": 2628, "farmers": 2629, "holding phone": 2630, "on phone": 2631, "squirrel": 2632, "wax paper": 2633, "tusks": 2634, "dining": 2635, "packing": 2636, "kangaroo": 2637, "dawn": 2638, "defense": 2639, "powdered": 2640, "thomas": 2641, "budweiser": 2642, "back left": 2643, "stir fry": 2644, "beijing": 2645, "11:10": 2646, "tripod": 2647, "wide": 2648, "slope": 2649, "black and gray": 2650, "planter": 2651, "chili": 2652, "siblings": 2653, "kayaking": 2654, "captivity": 2655, "opaque": 2656, "rack": 2657, "panda": 2658, "doorway": 2659, "wheelie": 2660, "pelicans": 2661, "genetics": 2662, "not in service": 2663, "volvo": 2664, "dachshund": 2665, "v": 2666, "on laptop": 2667, "western": 2668, "gone": 2669, "birthday party": 2670, "parking garage": 2671, "tying tie": 2672, "blueberry": 2673, "scale": 2674, "notes": 2675, "train car": 2676, "man made": 2677, "stability": 2678, "lily": 2679, "lying down": 2680, "pacific": 2681, "high heels": 2682, "pare": 2683, "checkerboard": 2684, "partly cloudy": 2685, "cool": 2686, "n": 2687, "toilets": 2688, "tree branch": 2689, "copper": 2690, "cycling": 2691, "5:50": 2692, "870": 2693, "shopping": 2694, "7:05": 2695, "zipper": 2696, "holding umbrella": 2697, "batman": 2698, "lotion": 2699, "1:25": 2700, "black and brown": 2701, "playing video game": 2702, "girl on right": 2703, "legos": 2704, "drinking water": 2705, "burrito": 2706, "plow": 2707, "jet ski": 2708, "spiral": 2709, "ibm": 2710, "tools": 2711, "flashlight": 2712, "cherries": 2713, "maple leaf": 2714, "mountainous": 2715, "under tree": 2716, "vines": 2717, "sushi": 2718, "baker": 2719, "snake": 2720, "globe": 2721, "target": 2722, "john": 2723, "pomeranian": 2724, "tuxedo": 2725, "hockey": 2726, "sleeve": 2727, "leaning": 2728, "wireless": 2729, "11:05": 2730, "compaq": 2731, "do not enter": 2732, "radish": 2733, "1:05": 2734, "dim": 2735, "advertisement": 2736, "movement": 2737, "model": 2738, "hammock": 2739, "swing": 2740, "sheet": 2741, "google": 2742, "boardwalk": 2743, "right 1": 2744, "haircut": 2745, "ankle": 2746, "3:30": 2747, "exit": 2748, "csx": 2749, "tim hortons": 2750, "lego": 2751, "cucumbers": 2752, "angel": 2753, "12:20": 2754, "racquet": 2755, "behind woman": 2756, "potato": 2757, "egg salad": 2758, "controllers": 2759, "recliner": 2760, "upside down": 2761, "mosaic": 2762, "before": 2763, "antenna": 2764, "3:50": 2765, "10:15": 2766, "lion": 2767, "camo": 2768, "fighter": 2769, "silver and red": 2770, "dirt bike": 2771, "playing video games": 2772, "used": 2773, "crates": 2774, "horizontally": 2775, "plunger": 2776, "refrigerators": 2777, "radiator": 2778, "stork": 2779, "in basket": 2780, "cap": 2781, "living": 2782, "married": 2783, "briefcase": 2784, "bottom left": 2785, "30 mph": 2786, "ascending": 2787, "flip phone": 2788, "101": 2789, "11:50": 2790, "gun": 2791, "arizona": 2792, "foam": 2793, "serious": 2794, "y": 2795, "close up": 2796, "pancakes": 2797, "heineken": 2798, "paw": 2799, "cnn": 2800, "comforter": 2801, "sheets": 2802, "8:35": 2803, "driveway": 2804, "fair": 2805, "cleaner": 2806, "1 year": 2807, "delivery": 2808, "commuter": 2809, "apple and banana": 2810, "chase": 2811, "72": 2812, "safe": 2813, "trucks": 2814, "trunks": 2815, "spider": 2816, "64": 2817, "slacks": 2818, "meeting": 2819, "7:00": 2820, "skiers": 2821, "shaved": 2822, "carrot cake": 2823, "holding": 2824, "surfers": 2825, "giraffe and zebra": 2826, "7:45": 2827, "mississippi": 2828, "seaweed": 2829, "black and pink": 2830, "horse racing": 2831, "orchid": 2832, "rv": 2833, "tourist": 2834, "above door": 2835, "leaving": 2836, "pitch": 2837, "crest": 2838, "miami": 2839, "asics": 2840, "flood": 2841, "bus station": 2842, "take off": 2843, "amazon": 2844, "practice": 2845, "entering": 2846, "diesel": 2847, "pm": 2848, "wetsuits": 2849, "remodeling": 2850, "porch": 2851, "7:35": 2852, "tie dye": 2853, "baked": 2854, "life jacket": 2855, "cylinder": 2856, "grilled cheese": 2857, "meatballs": 2858, "paddling": 2859, "banana bread": 2860, "monster": 2861, "smiley face": 2862, "not high": 2863, "keys": 2864, "dreadlocks": 2865, "kitchenaid": 2866, "straight ahead": 2867, "badminton": 2868, "long sleeve": 2869, "sheepdog": 2870, "5:18": 2871, "end": 2872, "on shore": 2873, "scratching": 2874, "oriental": 2875, "5:05": 2876, "alligator": 2877, "city bus": 2878, "purple and white": 2879, "10:50": 2880, "each other": 2881, "weeds": 2882, "tinkerbell": 2883, "rottweiler": 2884, "apartments": 2885, "snowflakes": 2886, "stop light": 2887, "sweatshirt": 2888, "shore": 2889, "bidet": 2890, "switzerland": 2891, "stretching": 2892, "tv stand": 2893, "boundaries": 2894, "65": 2895, "bronze": 2896, "jar": 2897, "middle 1": 2898, "54": 2899, "skate": 2900, "easton": 2901, "turn right": 2902, "raspberries": 2903, "singing": 2904, "on bus": 2905, "carnations": 2906, "descending": 2907, "classic": 2908, "suspenders": 2909, "not long": 2910, "8:50": 2911, "father": 2912, "anniversary": 2913, "hsbc": 2914, "very long": 2915, "space needle": 2916, "skatepark": 2917, "fruit salad": 2918, "kenmore": 2919, "no water": 2920, "8:05": 2921, "db": 2922, "baby's breath": 2923, "shelter": 2924, "1980": 2925, "no left turn": 2926, "washington monument": 2927, "ham and cheese": 2928, "10 inches": 2929, "8:55": 2930, "savory": 2931, "6:35": 2932, "indians": 2933, "9:05": 2934, "fires": 2935, "pipes": 2936, "donkey": 2937, "cds": 2938, "mitsubishi": 2939, "tell time": 2940, "outfield": 2941, "christian": 2942, "puma": 2943, "parking meters": 2944, "cranes": 2945, "flip": 2946, "wine bottle": 2947, "stadium": 2948, "mouthwash": 2949, "heinz": 2950, "distance": 2951, "macaroni": 2952, "on plane": 2953, "triumph": 2954, "more": 2955, "4:50": 2956, "single engine": 2957, "disney": 2958, "on stove": 2959, "shih tzu": 2960, "fried": 2961, "to hit ball": 2962, "in her hand": 2963, "sunrise": 2964, "2nd": 2965, "elmo": 2966, "kite string": 2967, "suzuki": 2968, "traffic lights": 2969, "blt": 2970, "i": 2971, "hitting": 2972, "htc": 2973, "healthy": 2974, "current": 2975, "star alliance": 2976, "stomach": 2977, "watch tv": 2978, "tulip": 2979, "5:10": 2980, "right side": 2981, "4:40": 2982, "ginger": 2983, "on sign": 2984, "cushion": 2985, "5:30": 2986, "learning": 2987, "pencil": 2988, "maroon": 2989, "food processor": 2990, "5:40": 2991, "dog bed": 2992, "michigan": 2993, "close": 2994, "license plate": 2995, "crows": 2996, "right hand": 2997, "normal": 2998, "green and brown": 2999, "1.00": 3000, "000": 3001, "1:40": 3002, "wing": 3003, "american airlines": 3004, "kodak": 3005, "mural": 3006, "sniffing": 3007, "1:15": 3008, "behind bench": 3009, "cardinal": 3010, "no light": 3011, "warmth": 3012, "paved": 3013, "skyscrapers": 3014, "swinging bat": 3015, "watermark": 3016, "in cup": 3017, "pizza box": 3018, "dough": 3019, "hiding": 3020, "goal": 3021, "no plate": 3022, "shower head": 3023, "ripe": 3024, "1:10": 3025, "1 in back": 3026, "older": 3027, "nest": 3028, "multiple": 3029, "cinnamon": 3030, "bin": 3031, "new orleans": 3032, "colored": 3033, "enclosure": 3034, "bride": 3035, "on dresser": 3036, "star wars": 3037, "in back": 3038, "triangles": 3039, "over easy": 3040, "cilantro": 3041, "statues": 3042, "sticks": 3043, "formica": 3044, "roundabout": 3045, "bowls": 3046, "ahead": 3047, "years": 3048, "drain": 3049, "veggies": 3050, "no shirt": 3051, "taking photo": 3052, "tugboat": 3053, "broke": 3054, "59": 3055, "cadillac": 3056, "prince": 3057, "left side": 3058, "1 in middle": 3059, "10:45": 3060, "drying": 3061, "11:25": 3062, "silk": 3063, "conference room": 3064, "buoys": 3065, "pockets": 3066, "daffodil": 3067, "6:40": 3068, "walgreens": 3069, "4 ft": 3070, "6:05": 3071, "virgin atlantic": 3072, "12:40": 3073, "digital": 3074, "ups": 3075, "westjet": 3076, "bikers": 3077, "us air force": 3078, "limes": 3079, "comcast": 3080, "dip": 3081, "7:55": 3082, "man in middle": 3083, "bus driver": 3084, "soon": 3085, "futon": 3086, "selling": 3087, "braid": 3088, "mariners": 3089, "wisconsin": 3090, "99": 3091, "citizen": 3092, "broccoli and carrots": 3093, "grocery store": 3094, "us airways": 3095, "49": 3096, "bored": 3097, "red velvet": 3098, "hotel room": 3099, "qantas": 3100, "tam": 3101, "korean air": 3102, "10:35": 3103, "whirlpool": 3104, "coffee cup": 3105, "hilly": 3106, "9:12": 3107, "whipped cream": 3108, "video": 3109, "finger": 3110, "competition": 3111, "hollywood": 3112, "sas": 3113, "backward": 3114, "beads": 3115, "cosmo": 3116, "10:08": 3117, "jal": 3118, "6:30": 3119, "100 year party ct": 3120, "hispanic": 3121, "in cabbage town": 3122, "opponent": 3123, "woodpecker": 3124, "visilab": 3125, "mt airy": 3126, "crosstown": 3127, "freightliner": 3128}